Primary Key,VALID PRECURSOR,Calcd. Lasso Mass (Da),Distance,Within 500 nt?,Within 150 nt?,Further than 1000 nt?,Core has 2 or 4 Cys?,Leader longer than core?,Plausible lasso ring?,Leader has GxxxxxT motif?,Core starts with G?,Core and BGC in same direction?,Ratio leader/core < 2 and > 0.5,Core starts with Cys and even number of Cys?,No Gly in core?,Core has at least 1 aromatic aa?,Core has at least 2 aromatic aa?,Core has odd number of Cys?,Leader has Trp?,Leader has Lys?,Leader has Cys?,Cluster has PF00733?,Cluster has PF05402?,Cluster has PF13471?,Leader has LxxxxxT motif?,Core has adjacent identical aas (doubles)?,Core length (aa),Leader length (aa),Precursor length (aa),Leader/core ratio,Number of Pro in first 9 aa of core?,Estimated core charge,Estimated leader charge,Estimated precursor charge,Absolute value of core charge,Absolute value of leader charge,Absolute value of precursor charge,LEADER A,R,D,N,C,Q,E,G,H,I,L,K,M,F,P,S,T,W,Y,V,Aromatics,Neg charged,Pos charged,Charged,Aliphatic,Hydroxyl,CORE A,R,D,N,C,Q,E,G,H,I,L,K,M,F,P,S,T,W,Y,V,Aromatics,Neg charged,Pos charged,Charged,Aliphatic,Hydroxyl,FIRST CORE RESIDUE A,R,D,N,C,Q,E,G,H,I,L,K,M,F,P,S,T,W,Y,V,PRECURSOR A,R,D,N,C,Q,E,G,H,I,L,K,M,F,P,S,T,W,Y,V,Aromatics,Neg charged,Pos charged,Charged,Aliphatic,Hydroxyl,Motif1?,Motif2?,Motif3?,Motif4?,Motif5?,Motif6?,Motif7?,Motif8?,Motif9?,Motif10?,Motif11?,Motif12?,Motif13?,Motif14?,Motif15?,Motif16?,Total motifs hit,"Score, Motif1","Score, Motif2","Score, Motif3","Score, Motif4","Score, Motif5","Score, Motif6","Score, Motif7","Score, Motif8","Score, Motif9","Score, Motif10","Score, Motif11","Score, Motif12","Score, Motif13","Score, Motif14","Score, Motif15","Score, Motif16",Sum of MEME scores,No Motifs?,Alternate Start Codon?
0,,1679.660341,9576,0,0,1,1,0,1,0,0,0,0,0,0,1,1,0,0,0,0,1,0,1,0,0,15,6,21,0.4,0,0,0,0,0,0,0,0,0,0,1,0,1,0,0,0,0,1,0,0,0,0,1,1,0,0,1,0,0,0,0,2,2,1,1,1,0,2,1,1,1,1,0,0,0,1,0,1,1,1,0,1,1,1,2,1,3,4,2,0,1,0,0,0,0,0,0,0,0,0,0,0,0,0,0,0,0,0,0,1,1,1,1,2,2,1,1,1,0,1,0,1,0,1,2,2,0,1,2,1,2,1,3,6,4,0,0,0,0,0,0,0,0,0,0,0,0,0,0,0,0,0,0,0,0,0,0,0,0,0,0,0,0,0,0,0,0,0,0,1,1
1,,1799.8820199999998,9456,0,0,1,0,0,0,0,0,0,0,0,1,0,0,0,0,0,0,1,0,1,0,1,18,7,25,0.3888888888888889,3,1,0,1,1,0,1,0,0,0,0,0,0,0,1,0,0,0,0,1,1,1,0,3,0,0,0,1,0,0,0,2,3,3,2,0,1,0,0,1,0,0,0,0,0,0,0,6,4,1,0,0,0,0,1,2,3,3,5,0,0,0,0,0,0,0,0,0,0,0,0,0,0,0,1,0,0,0,0,3,2,0,1,0,0,1,1,0,0,0,0,1,1,7,4,4,0,0,0,1,1,2,3,5,8,0,0,0,0,0,0,0,0,0,0,0,0,0,0,0,0,0,0,0,0,0,0,0,0,0,0,0,0,0,0,0,0,0,0,1,0
2,,2389.2481960000005,6860,0,0,1,0,1,0,0,0,0,0,0,1,1,0,1,1,1,0,1,0,1,0,1,22,56,78,2.5454545454545454,0,0,4,4,0,4,4,9,4,5,1,0,5,0,6,4,2,6,1,1,2,3,3,1,1,0,2,3,5,5,10,26,4,3,2,2,1,1,0,0,0,0,1,3,0,0,0,3,1,2,1,0,2,1,2,2,4,9,3,0,0,0,0,0,0,0,0,0,0,0,0,0,0,0,0,1,0,0,0,12,6,7,2,1,5,0,6,4,3,9,1,1,2,6,4,3,2,0,4,4,7,7,14,35,7,0,0,0,0,0,0,0,0,0,0,0,0,0,0,0,0,0,0,0,0,0,0,0,0,0,0,0,0,0,0,0,0,0,0,1,1
3,,2389.2481960000005,6860,0,0,1,0,1,0,0,0,0,0,0,1,1,0,1,1,1,0,1,0,1,0,1,22,52,74,2.3636363636363638,0,0,4,4,0,4,4,8,4,5,1,0,5,0,5,4,2,6,1,1,2,3,3,1,1,0,0,3,5,5,10,22,4,3,2,2,1,1,0,0,0,0,1,3,0,0,0,3,1,2,1,0,2,1,2,2,4,9,3,0,0,0,0,0,0,0,0,0,0,0,0,0,0,0,0,1,0,0,0,11,6,7,2,1,5,0,5,4,3,9,1,1,2,6,4,3,2,0,2,4,7,7,14,31,7,0,0,0,0,0,0,0,0,0,0,0,0,0,0,0,0,0,0,0,0,0,0,0,0,0,0,0,0,0,0,0,0,0,0,1,0
4,,1385.6739389999998,6568,0,0,1,0,1,1,0,0,0,0,0,0,0,0,0,1,0,1,1,0,1,0,1,14,56,70,4.0,0,1,8,9,1,8,9,8,11,4,1,1,0,2,4,3,0,3,0,0,2,5,3,3,2,0,4,4,6,11,17,19,6,4,2,1,0,0,1,0,2,0,0,0,0,1,0,0,0,2,0,0,1,0,1,2,3,8,2,0,0,0,0,0,0,0,0,0,0,0,0,1,0,0,0,0,0,0,0,12,13,5,1,1,1,2,6,3,0,3,0,1,2,5,3,5,2,0,5,4,7,13,20,27,8,0,0,0,0,0,0,0,0,0,0,0,0,0,0,0,0,0,0,0,0,0,0,0,0,0,0,0,0,0,0,0,0,0,0,1,1
5,,2743.4245939999996,6673,0,0,1,0,0,1,0,0,0,1,0,0,1,1,0,0,0,0,1,0,1,0,1,27,14,41,0.5185185185185185,1,2,1,3,2,1,3,4,2,1,0,0,0,0,1,0,1,0,0,0,0,1,1,1,0,0,2,0,1,2,3,8,2,5,3,0,0,0,0,2,3,1,0,1,0,1,1,3,2,1,0,0,4,1,2,3,5,14,3,0,0,0,0,0,0,0,0,0,0,0,0,0,0,0,0,0,0,0,1,9,5,1,0,0,0,2,4,1,1,1,0,1,1,4,3,2,0,0,6,1,3,5,8,22,5,0,0,0,0,0,0,0,0,0,0,0,0,0,0,0,0,0,0,0,0,0,0,0,0,0,0,0,0,0,0,0,0,0,0,1,1
6,,1385.6739389999998,6568,0,0,1,0,1,1,0,0,0,1,0,0,0,0,0,1,0,0,1,0,1,0,1,14,18,32,1.2857142857142858,0,1,1,2,1,1,2,2,2,0,0,0,0,1,2,0,0,2,0,0,1,2,1,2,1,0,2,2,1,2,3,8,3,4,2,1,0,0,1,0,2,0,0,0,0,1,0,0,0,2,0,0,1,0,1,2,3,8,2,0,0,0,0,0,0,0,0,0,0,0,0,1,0,0,0,0,0,0,0,6,4,1,0,0,1,1,4,0,0,2,0,1,1,2,1,4,1,0,3,2,2,4,6,16,5,0,0,0,0,0,0,0,0,0,0,0,0,0,0,0,0,0,0,0,0,0,0,0,0,0,0,0,0,0,0,0,0,0,0,1,1
7,,1534.7869980000003,5156,0,0,1,0,0,0,0,0,0,1,0,0,0,0,0,1,0,0,1,0,1,0,1,15,9,24,0.6,1,2,0,2,2,0,2,1,0,0,1,0,0,0,0,0,0,1,0,0,1,1,0,2,1,0,1,2,0,0,0,3,2,1,3,0,0,0,0,1,2,0,0,1,0,0,0,3,4,0,0,0,0,0,1,3,4,4,4,0,0,0,0,0,0,0,0,0,0,0,0,0,0,0,1,0,0,0,0,2,3,0,1,0,0,1,2,0,0,2,0,0,1,4,4,2,1,0,1,2,1,3,4,7,6,0,0,0,0,0,0,0,0,0,0,0,0,0,0,0,0,0,0,0,0,0,0,0,0,0,0,0,0,0,0,0,0,0,0,1,1
8,,1534.7869980000003,5099,0,0,1,0,1,0,0,0,0,1,0,0,0,0,0,1,0,0,1,0,1,0,1,15,28,43,1.8666666666666667,1,2,2,4,2,2,4,6,2,0,4,0,0,0,2,0,0,4,0,0,1,3,1,3,1,0,1,2,0,2,2,13,4,1,3,0,0,0,0,1,2,0,0,1,0,0,0,3,4,0,0,0,0,0,1,3,4,4,4,0,0,0,0,0,0,0,0,0,0,0,0,0,0,0,1,0,0,0,0,7,5,0,4,0,0,1,4,0,0,5,0,0,1,6,5,3,1,0,1,2,1,5,6,17,8,0,0,0,0,0,0,0,0,0,0,0,0,0,0,0,0,0,0,0,0,0,0,0,0,0,0,0,0,0,0,0,0,0,0,1,1
9,,1534.7869980000003,5063,0,0,1,0,1,0,0,0,0,0,0,0,0,0,0,1,1,0,1,0,1,0,1,15,40,55,2.6666666666666665,1,2,6,8,2,6,8,7,5,0,4,0,0,0,3,0,1,5,1,0,1,4,2,4,1,0,2,2,0,6,6,18,6,1,3,0,0,0,0,1,2,0,0,1,0,0,0,3,4,0,0,0,0,0,1,3,4,4,4,0,0,0,0,0,0,0,0,0,0,0,0,0,0,0,1,0,0,0,0,8,8,0,4,0,0,1,5,0,1,6,1,0,1,7,6,4,1,0,2,2,1,9,10,22,10,0,0,0,0,0,0,0,0,0,0,0,0,0,0,0,0,0,0,0,0,0,0,0,0,0,0,0,0,0,0,0,0,0,0,1,1
10,,1534.7869980000003,5060,0,0,1,0,1,0,0,0,0,0,0,0,0,0,0,1,1,0,1,0,1,0,1,15,41,56,2.7333333333333334,1,2,6,8,2,6,8,7,5,0,4,0,0,0,3,0,1,5,1,0,1,4,2,4,1,0,3,2,0,6,6,19,6,1,3,0,0,0,0,1,2,0,0,1,0,0,0,3,4,0,0,0,0,0,1,3,4,4,4,0,0,0,0,0,0,0,0,0,0,0,0,0,0,0,1,0,0,0,0,8,8,0,4,0,0,1,5,0,1,6,1,0,1,7,6,4,1,0,3,2,1,9,10,23,10,0,0,0,0,0,0,0,0,0,0,0,0,0,0,0,0,0,0,0,0,0,0,0,0,0,0,0,0,0,0,0,0,0,0,1,1
11,,2243.0335090000003,41,1,1,0,0,1,1,1,1,0,1,0,0,1,1,1,0,0,1,0,0,1,0,0,21,23,44,1.0952380952380953,1,-1,-5,-6,1,5,6,2,1,2,0,1,0,4,2,0,2,2,0,1,1,2,2,1,0,0,0,1,6,1,7,9,3,1,1,1,0,1,2,2,5,1,2,1,0,0,0,1,0,0,0,2,1,2,3,1,4,10,0,0,0,0,0,0,0,0,1,0,0,0,0,0,0,0,0,0,0,0,0,3,2,3,0,2,2,6,7,1,4,3,0,1,1,3,2,1,0,2,1,3,9,2,11,19,3,0,0,0,1,0,0,0,0,0,0,0,0,0,0,0,0,1,0,0,0,-4.1831,0,0,0,0,0,0,0,0,0,0,0,0,-4.1831,0,0
12,,2243.0335090000003,41,1,1,0,0,1,1,1,1,0,0,0,0,1,1,1,0,0,1,0,0,1,0,0,21,42,63,2.0,1,-1,0,-1,1,0,1,4,5,2,0,1,0,5,4,2,2,3,0,1,2,4,4,1,0,0,2,2,7,5,12,16,5,1,1,1,0,1,2,2,5,1,2,1,0,0,0,1,0,0,0,2,1,2,3,1,4,10,0,0,0,0,0,0,0,0,1,0,0,0,0,0,0,0,0,0,0,0,0,5,6,3,0,2,2,7,9,3,4,4,0,1,2,5,4,1,0,2,3,4,10,6,16,26,5,0,0,0,1,0,0,0,0,0,0,0,0,0,0,0,0,1,0,0,0,-4.1831,0,0,0,0,0,0,0,0,0,0,0,0,-4.1831,0,1
13,,2121.0106510000005,239,1,0,0,0,0,1,0,1,0,0,0,0,1,0,0,0,0,0,0,0,1,0,1,21,4,25,0.19047619047619047,2,-3,0,-3,3,0,3,0,0,0,0,0,2,0,0,0,0,0,0,0,0,0,0,1,0,0,1,0,0,0,0,1,1,1,1,2,0,0,0,2,4,0,0,2,0,1,1,4,1,0,0,0,2,1,4,1,5,10,1,0,0,0,0,0,0,0,1,0,0,0,0,0,0,0,0,0,0,0,0,1,1,2,0,0,2,2,4,0,0,2,0,1,1,4,1,1,0,0,3,1,4,1,5,11,2,0,0,0,0,0,0,0,0,0,0,0,0,0,0,0,0,0,0,0,0,0,0,0,0,0,0,0,0,0,0,0,0,0,0,1,1
14,,2121.0106510000005,239,1,0,0,0,1,1,1,1,0,1,0,0,1,0,0,0,0,0,0,0,1,0,1,21,23,44,1.0952380952380953,2,-3,-3,-6,3,3,6,2,1,2,0,0,3,2,2,0,3,2,0,1,0,0,1,3,0,0,1,0,4,1,5,11,4,1,1,2,0,0,0,2,4,0,0,2,0,1,1,4,1,0,0,0,2,1,4,1,5,10,1,0,0,0,0,0,0,0,1,0,0,0,0,0,0,0,0,0,0,0,0,3,2,4,0,0,3,4,6,0,3,4,0,2,1,4,2,3,0,0,3,1,8,2,10,21,5,1,0,0,1,0,0,0,0,0,0,0,0,0,0,0,0,2,4.56667,0,0,21.8732,0,0,0,0,0,0,0,0,0,0,0,0,26.43987,0,0
15,,2121.0106510000005,239,1,0,0,0,1,1,1,1,0,1,0,0,1,0,0,0,0,0,0,0,1,0,1,21,24,45,1.1428571428571428,2,-3,-3,-6,3,3,6,2,1,2,0,0,3,2,2,0,3,2,0,1,0,0,1,3,0,0,2,0,4,1,5,12,4,1,1,2,0,0,0,2,4,0,0,2,0,1,1,4,1,0,0,0,2,1,4,1,5,10,1,0,0,0,0,0,0,0,1,0,0,0,0,0,0,0,0,0,0,0,0,3,2,4,0,0,3,4,6,0,3,4,0,2,1,4,2,3,0,0,4,1,8,2,10,22,5,1,0,0,1,0,0,0,0,0,0,0,0,0,0,0,0,2,4.56667,0,0,21.8732,0,0,0,0,0,0,0,0,0,0,0,0,26.43987,0,1
16,,2131.056355,455,1,0,0,0,1,1,1,1,0,1,0,0,0,0,0,0,0,0,0,0,1,0,0,21,23,44,1.0952380952380953,2,-2,-6,-8,2,6,8,2,1,4,0,0,1,4,1,1,3,2,0,1,0,0,1,1,0,0,1,0,8,1,9,10,2,1,2,2,1,0,0,2,4,0,1,2,0,0,0,3,1,1,0,0,1,0,4,2,6,9,2,0,0,0,0,0,0,0,1,0,0,0,0,0,0,0,0,0,0,0,0,3,3,6,1,0,1,6,5,1,4,4,0,1,0,3,2,2,0,0,2,0,12,3,15,19,4,1,0,0,1,0,0,0,0,0,0,0,0,0,0,0,0,2,11.9833,0,0,23.9577,0,0,0,0,0,0,0,0,0,0,0,0,35.941,0,0
17,,3002.446179,611,0,0,0,0,0,1,0,0,0,0,0,0,1,1,1,0,0,0,1,0,1,0,0,27,3,30,0.1111111111111111,1,-1,0,-1,1,0,1,0,0,0,0,0,0,0,0,0,0,1,0,0,0,0,0,1,0,0,1,0,0,0,0,2,1,1,2,1,1,1,1,3,1,1,3,1,0,0,2,1,5,1,0,0,2,2,4,2,6,8,6,0,0,0,0,0,0,0,0,0,0,0,0,0,0,1,0,0,0,0,0,1,2,1,1,1,1,3,1,1,3,2,0,0,2,1,5,2,0,0,3,2,4,2,6,10,7,0,0,0,0,0,0,0,0,0,0,0,0,0,0,0,0,0,0,0,0,0,0,0,0,0,0,0,0,0,0,0,0,0,0,1,1
18,,1906.930549,672,0,0,0,0,0,0,0,0,0,0,0,0,1,1,0,0,0,0,1,0,1,0,0,18,5,23,0.2777777777777778,0,-1,1,0,1,1,0,0,1,0,0,0,0,0,1,0,0,1,0,0,0,0,1,1,0,0,0,0,0,1,1,2,2,2,1,1,0,0,0,1,4,0,2,1,0,1,2,0,1,0,1,0,1,3,2,1,3,11,1,0,0,0,0,0,0,0,0,0,0,0,0,1,0,0,0,0,0,0,0,2,2,1,0,0,0,1,5,0,2,2,0,1,2,0,2,1,1,0,1,3,2,2,4,13,3,0,0,0,0,0,0,0,0,0,0,0,0,0,0,0,0,0,0,0,0,0,0,0,0,0,0,0,0,0,0,0,0,0,0,1,1
19,,1906.930549,672,0,0,0,0,1,0,0,0,0,0,0,0,1,1,0,1,0,0,1,0,1,0,0,18,40,58,2.2222222222222223,0,-1,6,5,1,6,5,7,6,0,0,0,0,0,1,0,1,1,0,1,2,3,8,5,3,1,1,6,0,6,6,12,13,2,1,1,0,0,0,1,4,0,2,1,0,1,2,0,1,0,1,0,1,3,2,1,3,11,1,0,0,0,0,0,0,0,0,0,0,0,0,1,0,0,0,0,0,0,0,9,7,1,0,0,0,1,5,0,3,2,0,2,4,3,9,5,4,1,2,9,2,7,9,23,14,0,0,0,0,0,0,0,0,0,0,0,0,0,0,0,0,0,0,0,0,0,0,0,0,0,0,0,0,0,0,0,0,0,0,1,0
20,,2537.4870790000004,1307,0,0,1,0,0,1,0,1,0,1,0,0,0,0,0,0,0,0,1,0,1,0,1,22,22,44,1.0,2,4,4,8,4,4,8,7,4,0,0,0,0,0,0,0,1,2,0,1,0,3,2,1,0,0,1,0,0,4,4,12,3,3,6,1,0,0,0,1,1,0,2,3,0,1,0,3,0,0,0,0,1,0,2,6,8,11,0,0,0,0,0,0,0,0,1,0,0,0,0,0,0,0,0,0,0,0,0,10,10,1,0,0,0,1,1,0,3,5,0,2,0,6,2,1,0,0,2,0,2,10,12,23,3,0,0,0,0,0,0,0,0,0,0,0,0,0,0,0,0,0,0,0,0,0,0,0,0,0,0,0,0,0,0,0,0,0,0,1,1
21,,2537.4870790000004,1325,0,0,1,0,0,1,0,1,0,1,0,0,0,0,0,0,0,0,1,0,1,0,1,22,16,38,0.7272727272727273,2,4,3,7,4,3,7,6,3,0,0,0,0,0,0,0,0,2,0,1,0,2,1,1,0,0,0,0,0,3,3,9,2,3,6,1,0,0,0,1,1,0,2,3,0,1,0,3,0,0,0,0,1,0,2,6,8,11,0,0,0,0,0,0,0,0,1,0,0,0,0,0,0,0,0,0,0,0,0,9,9,1,0,0,0,1,1,0,2,5,0,2,0,5,1,1,0,0,1,0,2,9,11,20,2,0,0,0,0,0,0,0,0,0,0,0,0,0,0,0,0,0,0,0,0,0,0,0,0,0,0,0,0,0,0,0,0,0,0,1,0
22,,2537.4870790000004,1337,0,0,1,0,0,1,0,1,0,1,0,0,0,0,0,0,0,0,1,0,1,0,1,22,12,34,0.5454545454545454,2,4,3,7,4,3,7,4,3,0,0,0,0,0,0,0,0,2,0,0,0,1,1,1,0,0,0,0,0,3,3,6,2,3,6,1,0,0,0,1,1,0,2,3,0,1,0,3,0,0,0,0,1,0,2,6,8,11,0,0,0,0,0,0,0,0,1,0,0,0,0,0,0,0,0,0,0,0,0,7,9,1,0,0,0,1,1,0,2,5,0,1,0,4,1,1,0,0,1,0,2,9,11,17,2,0,0,0,0,0,0,0,0,0,0,0,0,0,0,0,0,0,0,0,0,0,0,0,0,0,0,0,0,0,0,0,0,0,0,1,1
23,,2537.4870790000004,1355,0,0,1,0,0,1,0,1,0,0,0,0,0,0,0,0,0,0,1,0,1,0,1,22,6,28,0.2727272727272727,2,4,1,5,4,1,5,2,1,0,0,0,0,0,0,0,0,1,0,0,0,1,0,1,0,0,0,0,0,1,1,3,1,3,6,1,0,0,0,1,1,0,2,3,0,1,0,3,0,0,0,0,1,0,2,6,8,11,0,0,0,0,0,0,0,0,1,0,0,0,0,0,0,0,0,0,0,0,0,5,7,1,0,0,0,1,1,0,2,4,0,1,0,4,0,1,0,0,1,0,2,7,9,14,1,0,0,0,0,0,0,0,0,0,0,0,0,0,0,0,0,0,0,0,0,0,0,0,0,0,0,0,0,0,0,0,0,0,0,1,1
24,,2774.3390099999997,1714,0,0,1,0,0,1,0,0,0,0,0,0,1,1,0,0,0,0,1,0,1,1,0,26,12,38,0.46153846153846156,0,0,1,1,0,1,1,2,0,0,1,0,0,0,1,1,1,2,0,1,1,0,0,1,0,0,1,1,0,0,0,8,1,4,3,1,0,0,2,3,2,1,0,2,0,0,1,3,4,0,0,0,0,1,4,3,7,8,4,1,0,0,0,0,0,0,0,0,0,0,0,0,0,0,0,0,0,0,0,6,3,1,1,0,2,3,3,2,1,4,0,1,2,3,4,1,0,0,1,2,4,3,7,16,5,0,0,0,0,0,0,0,0,0,0,0,0,0,0,0,0,0,0,0,0,0,0,0,0,0,0,0,0,0,0,0,0,0,0,1,0
25,,2075.077759,1947,0,0,1,0,0,1,0,0,0,0,0,1,1,0,0,0,0,0,1,0,1,0,1,19,4,23,0.21052631578947367,0,2,1,3,2,1,3,1,1,0,0,0,0,0,0,0,0,0,0,0,0,0,0,1,0,0,1,0,0,1,1,2,1,2,2,1,1,0,2,0,0,1,0,2,0,0,0,1,2,3,0,0,2,0,1,2,3,6,5,0,0,0,0,0,0,0,0,0,0,0,0,0,0,0,0,1,0,0,0,3,3,1,1,0,2,0,0,1,0,2,0,0,0,1,2,4,0,0,3,0,1,3,4,8,6,0,0,0,0,0,0,0,0,0,0,0,0,0,0,0,0,0,0,0,0,0,0,0,0,0,0,0,0,0,0,0,0,0,0,1,1
